seqno,name,language
2,新北市觀光導覽地圖,正體中文
3,新北市觀光導覽地圖,英文
4,新北市觀光導覽地圖,日文
5,新北市觀光導覽地圖,韓文
6,新北市捷運之旅,正體中文
7,新北市捷運之旅,英文
8,新北市捷運之旅,日文
9,新北市老街導覽,正體中文
10,新北市老街導覽,英文
11,新北市老街導覽,日文
12,樹林/土城－自然交響曲,正體中文
13,樹林/土城－自然交響曲,英文
14,板橋－古蹟映風華,正體中文
15,板橋－古蹟映風華,英文
16,中永和－五路財神來,正體中文
17,中永和－五路財神來,英文
18,汐止－山水森呼吸,正體中文
19,汐止－山水森呼吸,英文
20,新莊/泰山－舊城新趣味,正體中文
21,新莊/泰山－舊城新趣味,英文
22,坪林－喫茶習茶藝,正體中文
23,坪林－喫茶習茶藝,英文
24,三峽－染出老風情,正體中文
25,三峽－染出老風情,英文
26,鶯歌－小鎮大郊遊,正體中文
27,鶯歌－小鎮大郊遊,英文
28,三芝/石門－四季交響曲,正體中文
29,三芝/石門－四季交響曲,英文
30,深坑/石碇－現代桃花源,正體中文
31,深坑/石碇－現代桃花源,英文
32,貢寮/雙溪－悠遊桃花源,正體中文
33,貢寮/雙溪－悠遊桃花源,英文
34,三重/蘆洲－水岸好都會,正體中文
35,三重/蘆洲－水岸好都會,英文
36,五股/林口－都市新綠洲,正體中文
37,五股/林口－都市新綠洲,英文
38,淡水/八里－海天共遼闊,正體中文
39,淡水/八里－海天共遼闊,英文
40,淡水/八里－海天共遼闊,日文
41,金山/萬里－擁抱水世界,正體中文
42,金山/萬里－擁抱水世界,英文
43,金山/萬里－擁抱水世界,日文
44,瑞芳－尋山城傳奇,正體中文
45,瑞芳－尋山城傳奇,英文
46,瑞芳－尋山城傳奇,日文
47,平溪－鐵道憶人文,正體中文
48,平溪－鐵道憶人文,英文
49,平溪－鐵道憶人文,日文
50,新店－水岸樂逍遙,正體中文
51,新店－水岸樂逍遙,英文
52,新店－水岸樂逍遙,日文
53,烏來－山城覓溫情,正體中文
54,烏來－山城覓溫情,英文
55,烏來－山城覓溫情,日文
56,新北樂齡一日遊,正體中文
57,猴硐-黑金歲月,正體中文
58,猴硐-黑金歲月,英文
59,猴硐-黑金歲月,日文
